ID|name
01001|Alegría-Dulantzi
01002|Amurrio
01004_AM|Artziniega agregacion de municipios
01009_AM|Asparrena agregacion de municipios
01010|Ayala/Aiara
01017_AM|Campezo/Kanpezu agregacion de municipios
01028_AM|Labastida/Bastida agregacion de municipios
01036|Laudio/Llodio
01043|Oyón-Oion
01047_AM|Erriberabeitia agregacion de municipios
01051|Agurain/Salvatierra
01054_AM|Urkabustaiz agregacion de municipios
01058_AM|Legutio agregacion de municipios
01063_AM|Zuia agregacion de municipios
01901|Iruña Oka/Iruña de Oca
02008_AM|Alcaraz agregacion de municipios
02009|Almansa
02010_AM|Alpera agregacion de municipios
02012_AM|Balazote agregacion de municipios
02019_AM|Bonillo, El agregacion de municipios
02021_AM|Casas de Juan Núñez agregacion de municipios
02024_AM|Casas-Ibáñez agregacion de municipios
02025|Caudete
02029|Chinchilla de Monte-Aragón
02030|Elche de la Sierra
02033_AM|Fuente-Álamo agregacion de municipios
02034_AM|Fuentealbilla agregacion de municipios
02035_AM|Gineta, La agregacion de municipios
02037|Hellín
02045|Madrigueras
02053|Munera
02063_AM|Pozohondo agregacion de municipios
02067_AM|Riópar agregacion de municipios
02069|Roda, La
02072_AM|Socovos agregacion de municipios
02073_AM|Tarazona de la Mancha agregacion de municipios
02074|Tobarra
02075_AM|Valdeganga agregacion de municipios
02079|Villamalea
02081|Villarrobledo
02086_AM|Yeste agregacion de municipios
02901|Pozo Cañada
03002_AM|Agost agregacion de municipios
03005_AM|Albatera agregacion de municipios
03006_AM|Alcalalí agregacion de municipios
03012|Algorfa
03013_AM|Algueña agregacion de municipios
03015|Almoradí
03019|Aspe
03021|Banyeres de Mariola
03023_AM|Beneixama agregacion de municipios
03024|Benejúzar
03026_AM|Beniarbeig agregacion de municipios
03028_AM|Beniarrés agregacion de municipios
03034_AM|Benijófar agregacion de municipios
03035_AM|Benilloba agregacion de municipios
03043|Biar
03044_AM|Bigastro agregacion de municipios
03046|Busot
03048|Callosa d'en SarriÍ
03049|Callosa de Segura
03053|Castalla
03055|Catral
03058|Cox
03059|Crevillent
03064|Dolores
03070|Formentera del Segura
03071|Gata de Gorgos
03074_AM|Granja de Rocamora agregacion de municipios
03077|Fondó de les Neus, el/Hondón de las Nieves
03079|Ibi
03081|Xaló
03083|Jijona/Xixona
03088|Monforte del Cid
03089|Monóvar/Monòver
03092_AM|Muro de Alcoy agregacion de municipios
03093|Novelda
03095|Ondara
03096|Onil
03097_AM|Orba agregacion de municipios
03101|Pedreguer
03102|Pego
03105|Pinós, el/Pinoso
03112_AM|Relleu agregacion de municipios
03113|Rojales
03114|Romana, la
03118|San Fulgencio
03120|San Miguel de Salinas
03123_AM|Sax agregacion de municipios
03138|Verger, el
03140|Villena
03902|Pilar de la Horadada
03903|Montesinos, Los
04003|Adra
04006|Albox
04011_AM|Alhama de Almería agregacion de municipios
04016|Antas
04017_AM|Arboleas agregacion de municipios
04029|Berja
04031|Cantoria
04032|Carboneras
04035|Cuevas del Almanzora
04038|Dalías
04044_AM|Fines agregacion de municipios
04045_AM|Fiñana agregacion de municipios
04047_AM|Gádor agregacion de municipios
04048_AM|Gallardos, Los agregacion de municipios
04049|Garrucha
04050_AM|Gérgal agregacion de municipios
04053|Huércal-Overa
04057_AM|Láujar de Andarax agregacion de municipios
04062_AM|Macael agregacion de municipios
04064|Mojácar
04066|Níjar
04069|Olula del Río
04070_AM|Oria agregacion de municipios
04075|Pulpí
04083_AM|Serón agregacion de municipios
04086_AM|Sorbas agregacion de municipios
04088_AM|Tabernas agregacion de municipios
04092|Tíjola
04093|Turre
04098_AM|Vélez-Blanco agregacion de municipios
04099|Vélez-Rubio
04100|Vera
04102|Vícar
04903|Mojonera, La
04904|Balanegra
05002_AM|Adrada, La agregacion de municipios
05013_AM|Arenal, El agregacion de municipios
05014_AM|Arenas de San Pedro agregacion de municipios
05016|Arévalo
05021_AM|Barco de Ávila, El agregacion de municipios
05047|Candeleda
05054_AM|Casavieja agregacion de municipios
05057|Cebreros
05102_AM|Hoyo de Pinares, El agregacion de municipios
05114_AM|Madrigal de las Altas Torres agregacion de municipios
05163_AM|Navaluenga agregacion de municipios
05168_AM|Navas del Marqués, Las agregacion de municipios
05186_AM|Piedrahíta agregacion de municipios
05204_AM|Sanchidrián agregacion de municipios
05220_AM|San Pedro del Arroyo agregacion de municipios
05238_AM|Solosancho agregacion de municipios
05240_AM|Sotillo de la Adrada agregacion de municipios
05241_AM|Tiemblo, El agregacion de municipios
05242_AM|Tiñosillos agregacion de municipios
06002|Aceuchal
06005_AM|Albuera, La agregacion de municipios
06006|Alburquerque
06011|Almendralejo
06012_AM|Arroyo de San Serván agregacion de municipios
06014|Azuaga
06016_AM|Barcarrota agregacion de municipios
06019_AM|Berlanga agregacion de municipios
06020_AM|Bienvenida agregacion de municipios
06022|Burguillos del Cerro
06023|Cabeza del Buey
06028|Campanario
06033_AM|Casas de Don Pedro agregacion de municipios
06036_AM|Castuera agregacion de municipios
06039_AM|Coronada, La agregacion de municipios
06044_AM|Don Benito agregacion de municipios
06050|Fregenal de la Sierra
06051_AM|Fuenlabrada de los Montes agregacion de municipios
06052_AM|Fuente de Cantos agregacion de municipios
06054|Fuente del Maestre
06055_AM|Fuentes de León agregacion de municipios
06058_AM|Garrovilla, La agregacion de municipios
06059_AM|Granja de Torrehermosa agregacion de municipios
06060_AM|Guareña agregacion de municipios
06063|Herrera del Duque
06066_AM|Higuera de Vargas agregacion de municipios
06067_AM|Higuera la Real agregacion de municipios
06069_AM|Hornachos agregacion de municipios
06070_AM|Jerez de los Caballeros agregacion de municipios
06072|Lobón
06074_AM|Llerena agregacion de municipios
06080_AM|Medellín agregacion de municipios
06085_AM|Monesterio agregacion de municipios
06087_AM|Monterrubio de la Serena agregacion de municipios
06088|Montijo
06091|Navalvillar de Pela
06093_AM|Oliva de la Frontera agregacion de municipios
06094_AM|Oliva de Mérida agregacion de municipios
06095|Olivenza
06097_AM|Orellana la Vieja agregacion de municipios
06103|Puebla de la Calzada
06108|Puebla de Sancho Pérez
06109|Quintana de la Serena
06113_AM|Ribera del Fresno agregacion de municipios
06117_AM|Salvatierra de los Barros agregacion de municipios
06120|Santa Amalia
06121|Santa Marta
06122|Santos de Maimona, Los
06123_AM|San Vicente de Alcántara agregacion de municipios
06125_AM|Siruela agregacion de municipios
06126_AM|Solana de los Barros agregacion de municipios
06127|Talarrubias
06135_AM|Trujillanos agregacion de municipios
06141_AM|Valencia del Ventoso agregacion de municipios
06143|Valverde de Leganés
06149|Villafranca de los Barros
06153|Villanueva de la Serena
06154|Villanueva del Fresno
06155_AM|Villar del Rey agregacion de municipios
06158|Zafra
06159|Zahínos
06160_AM|Zalamea de la Serena agregacion de municipios
06162|Zarza, La
06901|Valdelacalzada
06903_AM|Guadiana agregacion de municipios
07001|Alaró
07002|Alaior
07003|Alcúdia
07004|Algaida
07005|Andratx
07006|ArtÍ
07008|Binissalem
07012_AM|Campanet agregacion de municipios
07013|Campos
07014|Capdepera
07015|Ciutadella de Menorca
07016|Consell
07022|Felanitx
07023_AM|Ferreries agregacion de municipios
07024|Formentera
07027|Inca
07028_AM|Lloret de Vistalegre agregacion de municipios
07029|Lloseta
07030_AM|Llubí agregacion de municipios
07032|Maó-Mahón
07033|Manacor
07037|Mercadal, Es
07038_AM|Montuïri agregacion de municipios
07039|Muro
07041_AM|Petra agregacion de municipios
07042|Pollença
07043|Porreres
07044|Pobla, Sa
07045_AM|Puigpunyent agregacion de municipios
07046|Sant Antoni de Portmany
07047_AM|Sencelles agregacion de municipios
07050|Sant Joan de Labritja
07051|Sant Llorenç des Cardassar
07052|Sant Lluís
07055|Santa Margalida
07057|Santanyí
07058_AM|Selva agregacion de municipios
07059|Salines, Ses
07060|Sineu
07061|Sóller
07062|Son Servera
07064|Castell, Es
07065|Vilafranca de Bonany
08010_AM|Artés agregacion de municipios
08011_AM|Aviàagregacion de municipios
08016_AM|Bagàagregacion de municipios
08017|BalenyÍ
08018_AM|Balsareny agregacion de municipios
08022|Berga
08031|Calaf
08034_AM|Calders agregacion de municipios
08037_AM|Calldetenes agregacion de municipios
08038_AM|Callús agregacion de municipios
08044_AM|Capellades agregacion de municipios
08047_AM|Cardona agregacion de municipios
08053|Castellbell i el Vilar
08067|Centelles
08085_AM|Font-rubí agregacion de municipios
08092|Gironella
08097_AM|Gualba agregacion de municipios
08098_AM|Sant Salvador de Guardiola agregacion de municipios
08100|Gurb
08102|Igualada
08112|Manlleu
08117|Masies de Voltregà, Les
08119|Masquefa
08122_AM|Mediona agregacion de municipios
08127_AM|Monistrol de Montserrat agregacion de municipios
08138|MoiÍ
08140|Navarcles
08141|Navàs
08143|Òdena
08145_AM|Olèrdola agregacion de municipios
08149_AM|Olost agregacion de municipios
08161|Piera
08162_AM|Hostalets de Pierola, Els agregacion de municipios
08170_AM|Prats de Rei, Els agregacion de municipios
08171|Prats de Lluçanès
08175_AM|Puig-reig agregacion de municipios
08182|Pont de Vilomara i Rocafort, El
08183|Roda de Ter
08191|Sallent
08208_AM|Sant Esteve Sesrovires agregacion de municipios
08215|Sant Hipòlit de VoltregÍ
08220_AM|Sant Julià de Vilatorta agregacion de municipios
08224_AM|Sant Martí de Centelles agregacion de municipios
08226_AM|Sant Martí de Tous agregacion de municipios
08227_AM|Sant Martí Sarroca agregacion de municipios
08232_AM|Sant Pere de Riudebitlles agregacion de municipios
08233_AM|Sant Pere de Torelló agregacion de municipios
08237_AM|Sant Quirze de Besora agregacion de municipios
08247_AM|Santa Eulàlia de Riuprimer agregacion de municipios
08250|Santa Margarida de Montbui
08258_AM|Santa Maria d'Oló agregacion de municipios
08262_AM|Sant Vicenç de Castellet agregacion de municipios
08268_AM|Cercs agregacion de municipios
08269|Seva
08274|Súria
08278_AM|Taradell agregacion de municipios
08283|Tona
08284_AM|Tordera agregacion de municipios
08285|Torelló
08286_AM|Torre de Claramunt, La agregacion de municipios
08288_AM|Torrelles de Foix agregacion de municipios
08298|Vic
08302|Vilanova del Camí
09018|Aranda de Duero
09048_AM|Belorado agregacion de municipios
09056|Briviesca
09073_AM|Cardeñadijo agregacion de municipios
09109_AM|Condado de Treviño agregacion de municipios
09124_AM|Espinosa de los Monteros agregacion de municipios
09141_AM|Fuentespina agregacion de municipios
09174_AM|Huerta de Rey agregacion de municipios
09177_AM|Ibeas de Juarros agregacion de municipios
09194|Lerma
09209_AM|Medina de Pomar agregacion de municipios
09211_AM|Melgar de Fernamental agregacion de municipios
09219|Miranda de Ebro
09238_AM|Oña agregacion de municipios
09289_AM|Quintanar de la Sierra agregacion de municipios
09321_AM|Roa agregacion de municipios
09330_AM|Salas de los Infantes agregacion de municipios
09350_AM|Santa María del Campo agregacion de municipios
09363_AM|Sasamón agregacion de municipios
09390_AM|Torresandino agregacion de municipios
09410|Valle de Mena
09413_AM|Valle de Valdebezana agregacion de municipios
09434_AM|Villagonzalo Pedernales agregacion de municipios
09439_AM|Villalbilla de Burgos agregacion de municipios
09903|Villarcayo de Merindad de Castilla la Vieja
09907_AM|Alfoz de Quintanadueñas agregacion de municipios
10004_AM|Acehúche agregacion de municipios
10006_AM|Ahigal agregacion de municipios
10010_AM|Alcuéscar agregacion de municipios
10014_AM|Aldeanueva de la Vera agregacion de municipios
10019_AM|Almaraz agregacion de municipios
10020_AM|Almoharín agregacion de municipios
10021|Arroyo de la Luz
10032_AM|Brozas agregacion de municipios
10035_AM|Cabezuela del Valle agregacion de municipios
10049_AM|Casar de Cáceres agregacion de municipios
10050_AM|Casar de Palomero agregacion de municipios
10061_AM|Ceclavín agregacion de municipios
10064_AM|Cilleros agregacion de municipios
10067|Coria
10087_AM|Guadalupe agregacion de municipios
10089_AM|Guijo de Galisteo agregacion de municipios
10096_AM|Hervás agregacion de municipios
10104|Jaraíz de la Vera
10105_AM|Jarandilla de la Vera agregacion de municipios
10109_AM|Logrosán agregacion de municipios
10110|Losar de la Vera
10113_AM|Madroñera agregacion de municipios
10116_AM|Malpartida de Plasencia agregacion de municipios
10121|Miajadas
10127|Montehermoso
10128|Moraleja
10131|Navalmoral de la Mata
10140_AM|Peraleda de la Mata agregacion de municipios
10146_AM|Pinofranqueado agregacion de municipios
10147_AM|Piornal agregacion de municipios
10148|Plasencia
10175_AM|Serradilla agregacion de municipios
10177_AM|Sierra de Fuentes agregacion de municipios
10180_AM|Talayuela agregacion de municipios
10184_AM|Torno, El agregacion de municipios
10186_AM|Torrecillas de la Tiesa agregacion de municipios
10189|Torrejoncillo
10195_AM|Trujillo agregacion de municipios
10203|Valencia de Alcántara
10205_AM|Valverde del Fresno agregacion de municipios
10212_AM|Villanueva de la Vera agregacion de municipios
10216_AM|Zarza de Granadilla agregacion de municipios
11001|Alcalá de los Gazules
11002|Alcalá del Valle
11005_AM|Algodonales agregacion de municipios
11006|Arcos de la Frontera
11007|Barbate
11010|Bornos
11011_AM|Bosque, El agregacion de municipios
11013|Castellar de la Frontera
11014|Conil de la Frontera
11016|Chipiona
11017|Espera
11021|Jimena de la Frontera
11023|Medina Sidonia
11024_AM|Olvera agregacion de municipios
11025|Paterna de Rivera
11026_AM|Prado del Rey agregacion de municipios
11029|Puerto Serrano
11030|Rota
11034|Setenil de las Bodegas
11035|Tarifa
11037|Trebujena
11038|Ubrique
11039|Vejer de la Frontera
11041|Villamartín
11901|Benalup-Casas Viejas
11902_AM|San José del Valle agregacion de municipios
11903|San Martín del Tesorillo
12004|Alcalà de Xivert
12005|Alcora, l'
12011_AM|Almenara agregacion de municipios
12012_AM|Altura agregacion de municipios
12016_AM|Artana agregacion de municipios
12021|Betxí
12027|Benicarló
12031|Borriol
12033_AM|Cabanes agregacion de municipios
12034_AM|Càlig agregacion de municipios
12050_AM|Coves de Vinromà, les agregacion de municipios
12053|Chilches/Xilxes
12072_AM|Llucena/Lucena del Cid agregacion de municipios
12077|Moncofa
12080_AM|Morella agregacion de municipios
12082|Nules
12084|Onda
12085|Oropesa del Mar/Orpesa
12089|Peníscola/Peñíscola
12104|Segorbe
12106_AM|Soneja agregacion de municipios
12117|Torreblanca
12121_AM|Traiguera agregacion de municipios
12124|Vall d'Alba
12126|Vall d'Uixó, la
12128_AM|Vilafamés agregacion de municipios
12129_AM|Vilafranca/Villafranca del Cid agregacion de municipios
12136|Vilavella, la
12138|Vinaròs
12140_AM|Viver agregacion de municipios
12902_AM|Sant Joan de Moró agregacion de municipios
13001_AM|Abenójar agregacion de municipios
13005|Alcázar de San Juan
13009_AM|Aldea del Rey agregacion de municipios
13011|Almadén
13013|Almagro
13015|Almodóvar del Campo
13019|Argamasilla de Alba
13020_AM|Argamasilla de Calatrava agregacion de municipios
13023|Bolaños de Calatrava
13027|Calzada de Calatrava
13028_AM|Campo de Criptana agregacion de municipios
13031|Carrión de Calatrava
13033_AM|Castellar de Santiago agregacion de municipios
13038_AM|Chillón agregacion de municipios
13039|Daimiel
13042_AM|Fuencaliente agregacion de municipios
13044_AM|Fuente el Fresno agregacion de municipios
13047|Herencia
13052|Malagón
13053_AM|Manzanares agregacion de municipios
13054|Membrilla
13058|Moral de Calatrava
13061|Pedro Muñoz
13063_AM|Piedrabuena agregacion de municipios
13064|Poblete
13065_AM|Porzuna agregacion de municipios
13066|Pozuelo de Calatrava
13068_AM|Puebla de Don Rodrigo agregacion de municipios
13077|Santa Cruz de Mudela
13078|Socuéllamos
13079|Solana, La
13082|Tomelloso
13083_AM|Torralba de Calatrava agregacion de municipios
13085|Torrenueva
13087|Valdepeñas
13089_AM|Villahermosa agregacion de municipios
13092_AM|Villanueva de la Fuente agregacion de municipios
13093_AM|Villanueva de los Infantes agregacion de municipios
13096|Villarrubia de los Ojos
13097_AM|Villarta de San Juan agregacion de municipios
13098_AM|Viso del Marqués agregacion de municipios
14001|Adamuz
14002|Aguilar de la Frontera
14004_AM|Almedinilla agregacion de municipios
14005_AM|Almodóvar del Río agregacion de municipios
14007_AM|Baena agregacion de municipios
14008|Belalcázar
14009|Belmez
14010|Benamejí
14012|Bujalance
14013|Cabra
14014|Cañete de las Torres
14017|Carlota, La
14018|Carpio, El
14019|Castro del Río
14022_AM|Doña Mencía agregacion de municipios
14023_AM|Dos Torres agregacion de municipios
14024_AM|Encinas Reales agregacion de municipios
14025|Espejo
14026_AM|Espiel agregacion de municipios
14027|Fernán-Núñez
14029_AM|Fuente Obejuna agregacion de municipios
14030_AM|Fuente Palmera agregacion de municipios
14035|Hinojosa del Duque
14036|Hornachuelos
14037|Iznájar
14038|Lucena
14039_AM|Luque agregacion de municipios
14040|Montalbán de Córdoba
14041|Montemayor
14042|Montilla
14043_AM|Montoro agregacion de municipios
14045_AM|Moriles agregacion de municipios
14046|Nueva Carteya
14049|Palma del Río
14050|Pedro Abad
14051_AM|Pedroche agregacion de municipios
14052|Peñarroya-Pueblonuevo
14053|Posadas
14054|Pozoblanco
14055|Priego de Córdoba
14056|Puente Genil
14057|Rambla, La
14058|Rute
14060_AM|Santaella agregacion de municipios
14065_AM|Victoria, La agregacion de municipios
14066|Villa del Río
14067|Villafranca de Córdoba
14069|Villanueva de Córdoba
14070_AM|Villanueva del Duque agregacion de municipios
14073|Villaviciosa de Córdoba
14074_AM|Viso, El agregacion de municipios
15004|Ares
15006_AM|Arzúa agregacion de municipios
15007|Baña, A
15010_AM|Boimorto agregacion de municipios
15011|Boiro
15012|Boqueixón
15013|Brión
15014|Cabana de Bergantiños
15015|Cabanas
15016|Camariñas
15019|Carballo
15020|Carnota
15022_AM|Cedeira agregacion de municipios
15023_AM|Cee agregacion de municipios
15024|Cerceda
15029|Coristanco
15032_AM|Curtis agregacion de municipios
15033|Dodro
15034|Dumbría
15037|Fisterra
15040|Laxe
15041|Laracha, A
15042|Lousame
15043|Malpica de Bergantiños
15045|Mazaricos
15046|Melide
15047_AM|Mesía agregacion de municipios
15048|Miño
15050_AM|Monfero agregacion de municipios
15052|Muxía
15053|Muros
15056|Negreira
15057|Noia
15059|Ordes
15060|Oroso
15061|Ortigueira
15062|Outes
15064_AM|Paderne agregacion de municipios
15065|Padrón
15066|Pino, O
15067|Pobra do Caramiñal, A
15068|Ponteceso
15069|Pontedeume
15070_AM|Pontes de García Rodríguez, As agregacion de municipios
15071|Porto do Son
15072|Rianxo
15073|Ribeira
15074|Rois
15076|San Sadurniño
15077|Santa Comba
15084|Tordoia
15085|Touro
15086|Trazo
15087|Valdoviño
15088|Val do Dubra
15089|Vedra
15092|Vimianzo
15093|Zas
15901_AM|Cariño agregacion de municipios
15902|Oza-Cesuras
16023_AM|Chillarón de Cuenca agregacion de municipios
16027_AM|Barajas de Melo agregacion de municipios
16042_AM|Campillo de Altobuey agregacion de municipios
16066|Casasimarro
16102_AM|Honrubia agregacion de municipios
16106_AM|Horcajo de Santiago agregacion de municipios
16112_AM|Huete agregacion de municipios
16113_AM|Iniesta agregacion de municipios
16117_AM|Landete agregacion de municipios
16124_AM|Mesas, Las agregacion de municipios
16125_AM|Minglanilla agregacion de municipios
16133|Mota del Cuervo
16134|Motilla del Palancar
16154|Pedroñeras, Las
16170_AM|Priego agregacion de municipios
16171_AM|Provencio, El agregacion de municipios
16175|Quintanar del Rey
16190|San Clemente
16191_AM|San Lorenzo de la Parrilla agregacion de municipios
16198_AM|Sisante agregacion de municipios
16203|Tarancón
16249_AM|Villamayor de Santiago agregacion de municipios
16251_AM|Villanueva de la Jara agregacion de municipios
16903_AM|Valeras, Las agregacion de municipios
16905_AM|Arcas agregacion de municipios
17006_AM|Alp agregacion de municipios
17007_AM|Amer agregacion de municipios
17008|Anglès
17009|Arbúcies
17012_AM|Avinyonet de Puigventós agregacion de municipios
17013|Begur
17015|Banyoles
17016_AM|Bàscara agregacion de municipios
17019|Besalú
17022|Bisbal d'Empordà, La
17027|Breda
17032|Cadaqués
17033|Caldes de Malavella
17036_AM|Campdevànol agregacion de municipios
17039_AM|Camprodon agregacion de municipios
17044|Cassà de la Selva
17047|Castelló d'Empúries
17049_AM|Celràagregacion de municipios
17056_AM|Cornellà del Terri agregacion de municipios
17062|Escala, L'
17066|Figueres
17067_AM|Flaçàagregacion de municipios
17083|Hostalric
17086_AM|Jonquera, La agregacion de municipios
17089|Llagostera
17092_AM|Llançàagregacion de municipios
17094|Llívia
17103|Maçanet de la Selva
17111_AM|Navata agregacion de municipios
17114|Olot
17117|Palafrugell
17120_AM|Palau-saverdera agregacion de municipios
17124_AM|Pals agregacion de municipios
17132_AM|Peralada agregacion de municipios
17137_AM|Porqueres agregacion de municipios
17139_AM|Preses, Les agregacion de municipios
17141|PuigcerdÍ
17146|Riells i Viabrea
17147|Ripoll
17148_AM|Riudarenes agregacion de municipios
17152|Roses
17163|Sant Gregori
17164_AM|Sant Hilari Sacalm agregacion de municipios
17167_AM|Sant Joan de les Abadesses agregacion de municipios
17169_AM|Sant Julià de Ramis agregacion de municipios
17178_AM|Sant Pere Pescador agregacion de municipios
17180_AM|Santa Coloma de Farners agregacion de municipios
17181|Santa Cristina d'Aro
17184_AM|Santa Pau agregacion de municipios
17185|Sant Joan les Fonts
17190_AM|Serinyàagregacion de municipios
17193|Sils
17199|Torroella de Montgrí
17207|Vall d'en Bas, La
17211_AM|Verges agregacion de municipios
17213|Vidreres
17215_AM|Vilablareix agregacion de municipios
17221|Vilafant
17223_AM|Vilajuïga agregacion de municipios
17233_AM|Vilobí d'Onyar agregacion de municipios
17901_AM|Cruïlles, Monells i Sant Sadurní de l'Heura agregacion de municipios
17902_AM|Forallac agregacion de municipios
18006|Albuñol
18013|Alhama de Granada
18014_AM|Alhendín agregacion de municipios
18017|Almuñécar
18023|Baza
18027_AM|Benalúa agregacion de municipios
18029_AM|Benamaurel agregacion de municipios
18035_AM|Cádiar agregacion de municipios
18039|Caniles
18048|Cijuela
18050_AM|Cogollos de la Vega agregacion de municipios
18056|Cúllar
18061_AM|Chimeneas agregacion de municipios
18063_AM|Darro agregacion de municipios
18066|Deifontes
18071_AM|Dúrcal agregacion de municipios
18088_AM|Guadahortuna agregacion de municipios
18089|Guadix
18093|Gualchos
18094|Güéjar Sierra
18098|Huéscar
18099_AM|Huétor de Santillán agregacion de municipios
18100|Huétor Tájar
18102_AM|Íllora agregacion de municipios
18105|Iznalloz
18108_AM|Jérez del Marquesado agregacion de municipios
18115|Láchar
18116_AM|Lanjarón agregacion de municipios
18119_AM|Lecrín agregacion de municipios
18122_AM|Loja agregacion de municipios
18132|Moclín
18133|Molvízar
18135_AM|Montefrío agregacion de municipios
18136_AM|Montejícar agregacion de municipios
18137_AM|Montillana agregacion de municipios
18138|Moraleda de Zafayona
18147|Órgiva
18148_AM|Otívar agregacion de municipios
18149_AM|Villa de Otura agregacion de municipios
18150|Padul
18152_AM|Pedro Martínez agregacion de municipios
18157_AM|Pinos Genil agregacion de municipios
18162_AM|Polopos agregacion de municipios
18164_AM|Puebla de Don Fadrique agregacion de municipios
18171_AM|Salar agregacion de municipios
18173|Salobreña
18182|Ugíjar
18184_AM|Vélez de Benaudalla agregacion de municipios
18192_AM|Zafarraya agregacion de municipios
18194|Zújar
18903_AM|Nevada agregacion de municipios
18907_AM|Valle del Zalabí agregacion de municipios
18912_AM|Cuevas del Campo agregacion de municipios
18916|Torrenueva Costa
19021_AM|Almoguera agregacion de municipios
19053_AM|Brihuega agregacion de municipios
19058_AM|Cabanillas del Campo agregacion de municipios
19071|Casar, El
19086_AM|Cifuentes agregacion de municipios
19103_AM|Checa agregacion de municipios
19117|Fontanar
19126|Galápagos
19143|Horche
19151_AM|Humanes agregacion de municipios
19156_AM|Jadraque agregacion de municipios
19160_AM|Loranca de Tajuña agregacion de municipios
19190|Molina de Aragón
19192|Mondéjar
19220_AM|Pioz agregacion de municipios
19245_AM|Sacedón agregacion de municipios
19257_AM|Sigüenza agregacion de municipios
19274_AM|Torija agregacion de municipios
19280|Torrejón del Rey
19293|Uceda
19326|Yebes
19331|Yunquera de Henares
20005_AM|Alegia agregacion de municipios
20010_AM|Anoeta agregacion de municipios
20013|Aretxabaleta
20016_AM|Aia agregacion de municipios
20017|Azkoitia
20018|Azpeitia
20019|Beasain
20022_AM|Berastegi agregacion de municipios
20025_AM|Zegama agregacion de municipios
20027_AM|Zestoa agregacion de municipios
20028_AM|Zizurkil agregacion de municipios
20029|Deba
20030|Eibar
20032|Elgoibar
20034_AM|Eskoriatza agregacion de municipios
20039|Getaria
20042|Ibarra
20043_AM|Idiazabal agregacion de municipios
20049|Lazkao
20051|Legazpi
20052_AM|Legorreta agregacion de municipios
20055|Arrasate/Mondragón
20056_AM|Mutriku agregacion de municipios
20059|Oñati
20061|Orio
20065_AM|Soraluze-Placencia de las Armas agregacion de municipios
20071|Tolosa
20074|Bergara
20075|Villabona
20076|Ordizia
20077_AM|Urretxu agregacion de municipios
20079|Zarautz
20080|Zumarraga
20081|Zumaia
21005|Almonte
21006|Alosno
21007_AM|Aracena agregacion de municipios
21008_AM|Aroche agregacion de municipios
21010|Ayamonte
21011|Beas
21013|Bollullos Par del Condado
21014|Bonares
21017_AM|Calañas agregacion de municipios
21018_AM|Campillo, El agregacion de municipios
21021|Cartaya
21023_AM|Cerro de Andévalo, El agregacion de municipios
21025|Cortegana
21029_AM|Cumbres Mayores agregacion de municipios
21032_AM|Escacena del Campo agregacion de municipios
21035|Gibraleón
21040_AM|Hinojos agregacion de municipios
21042|Isla Cristina
21043_AM|Jabugo agregacion de municipios
21044|Lepe
21046|Lucena del Puerto
21049|Minas de Riotinto
21050|Moguer
21052_AM|Nerva agregacion de municipios
21053_AM|Niebla agregacion de municipios
21054|Palma del Condado, La
21055|Palos de la Frontera
21056|Paterna del Campo
21058_AM|Puebla de Guzmán agregacion de municipios
21060|Punta Umbría
21061|Rociana del Condado
21063|San Bartolomé de la Torre
21069_AM|Santa Olalla del Cala agregacion de municipios
21070|Trigueros
21072|Valverde del Camino
21073|Villablanca
21074_AM|Villalba del Alcor agregacion de municipios
21076_AM|Villanueva de los Castillejos agregacion de municipios
21078|Zalamea la Real
22017_AM|Alcolea de Cinca agregacion de municipios
22021_AM|Almudévar agregacion de municipios
22025_AM|Altorricón agregacion de municipios
22039_AM|Ayerbe agregacion de municipios
22048|Barbastro
22053_AM|Benabarre agregacion de municipios
22054_AM|Benasque agregacion de municipios
22059_AM|Biescas agregacion de municipios
22060_AM|Binaced agregacion de municipios
22061|Binéfar
22084_AM|Castejón de Sos agregacion de municipios
22112_AM|Fraga agregacion de municipios
22116_AM|Grañén agregacion de municipios
22117_AM|Graus agregacion de municipios
22130|Jaca
22137_AM|Lanaja agregacion de municipios
22158|Monzón
22199|Sabiñánigo
22213_AM|Sariñena agregacion de municipios
22225|Tamarite de Litera
22228_AM|Tierz agregacion de municipios
22254_AM|Zaidín agregacion de municipios
22901_AM|Valle de Hecho agregacion de municipios
22907_AM|Aínsa-Sobrarbe agregacion de municipios
23002|Alcalá la Real
23003|Alcaudete
23005|Andújar
23006|Arjona
23007_AM|Arjonilla agregacion de municipios
23009|Baeza
23010|Bailén
23011_AM|Baños de la Encina agregacion de municipios
23012_AM|Beas de Segura agregacion de municipios
23014|Begíjar
23015_AM|Bélmez de la Moraleda agregacion de municipios
23018|Cambil
23019_AM|Campillo de Arenas agregacion de municipios
23024|Carolina, La
23025|Castellar
23026|Castillo de Locubín
23028|Cazorla
23034|Fuensanta de Martos
23039|Guarromán
23040_AM|Lahiguera agregacion de municipios
23044_AM|Huelma agregacion de municipios
23045_AM|Huesa agregacion de municipios
23046_AM|Ibros agregacion de municipios
23051|Jamilena
23053|Jódar
23056|Lopera
23058|Mancha Real
23059|Marmolejo
23060|Martos
23061_AM|Mengíbar agregacion de municipios
23062_AM|Montizón agregacion de municipios
23063_AM|Navas de San Juan agregacion de municipios
23066|Peal de Becerro
23067|Pegalajar
23069_AM|Porcuna agregacion de municipios
23070|Pozo Alcón
23072_AM|Puerta de Segura, La agregacion de municipios
23073_AM|Quesada agregacion de municipios
23074_AM|Rus agregacion de municipios
23075|Sabiote
23079_AM|Santisteban del Puerto agregacion de municipios
23080_AM|Santo Tomé agregacion de municipios
23082_AM|Siles agregacion de municipios
23086_AM|Torredelcampo agregacion de municipios
23087|Torredonjimeno
23088|Torreperogil
23090_AM|Torres agregacion de municipios
23092|Úbeda
23093_AM|Valdepeñas de Jaén agregacion de municipios
23094_AM|Vilches agregacion de municipios
23095|Villacarrillo
23096|Villanueva de la Reina
23097_AM|Villanueva del Arzobispo agregacion de municipios
23902|Bedmar y Garcíez
23903_AM|Villatorres agregacion de municipios
23904|Santiago-Pontones
24008|Astorga
24010|Bañeza, La
24014|Bembibre
24015_AM|Benavides agregacion de municipios
24021_AM|Boñar agregacion de municipios
24038_AM|Carracedelo agregacion de municipios
24039_AM|Carrizo agregacion de municipios
24056_AM|Cistierna agregacion de municipios
24059_AM|Corullón agregacion de municipios
24061_AM|Cuadros agregacion de municipios
24065|Chozas de Abajo
24070_AM|Fabero agregacion de municipios
24083_AM|Igüeña agregacion de municipios
24088_AM|Laguna de Negrillos agregacion de municipios
24092_AM|Llamas de la Ribera agregacion de municipios
24094_AM|Mansilla de las Mulas agregacion de municipios
24114|Pola de Gordón, La
24122_AM|Puente de Domingo Flórez agregacion de municipios
24134|Robla, La
24139_AM|Sahagún agregacion de municipios
24148_AM|San Justo de la Vega agregacion de municipios
24154_AM|Santa Elena de Jamuz agregacion de municipios
24157_AM|Santa María del Páramo agregacion de municipios
24160_AM|Santas Martas agregacion de municipios
24162_AM|Santovenia de la Valdoncina agregacion de municipios
24166_AM|Soto de la Vega agregacion de municipios
24169_AM|Toreno agregacion de municipios
24170_AM|Torre del Bierzo agregacion de municipios
24175_AM|Valdefresno agregacion de municipios
24181_AM|Valderas agregacion de municipios
24183_AM|Valderrueda agregacion de municipios
24188|Valencia de Don Juan
24196_AM|Vega de Espinareda agregacion de municipios
24202|Villablino
24209|Villafranca del Bierzo
24212_AM|Villamañán agregacion de municipios
24223|Villarejo de Órbigo
25003|Agramunt
25007_AM|Albatàrrec agregacion de municipios
25008_AM|Albesa agregacion de municipios
25013|Alfarràs
25016_AM|Alguaire agregacion de municipios
25019|Almacelles
25021|Almenar
25025_AM|Naut Aran agregacion de municipios
25029_AM|Arbeca agregacion de municipios
25033_AM|Artesa de Lleida agregacion de municipios
25034|Artesa de Segre
25038_AM|Aitona agregacion de municipios
25040|Balaguer
25047_AM|Bellcaire d'Urgell agregacion de municipios
25048_AM|Bell-lloc d'Urgell agregacion de municipios
25050|Bellpuig
25051_AM|Bellver de Cerdanya agregacion de municipios
25053_AM|Benavent de Segriàagregacion de municipios
25058|Borges Blanques, Les
25059_AM|Bossòst agregacion de municipios
25062_AM|Camarasa agregacion de municipios
25072|Cervera
25099_AM|Golmés agregacion de municipios
25110|Guissona
25113_AM|Ivars d'Urgell agregacion de municipios
25119_AM|Juneda agregacion de municipios
25122|Linyola
25137|Mollerussa
25149_AM|Oliana agregacion de municipios
25158_AM|Palau d'Anglesola, El agregacion de municipios
25171_AM|Pobla de Segur, La agregacion de municipios
25172|Ponts
25173_AM|Pont de Suert, El agregacion de municipios
25192_AM|Sant Guim de Freixenet agregacion de municipios
25193_AM|Sant Llorenç de Morunys agregacion de municipios
25203|Seu d'Urgell, La
25204_AM|Seròs agregacion de municipios
25207|Solsona
25209_AM|Sort agregacion de municipios
25217|Tàrrega
25223_AM|Toràagregacion de municipios
25232_AM|Torres de Segre agregacion de municipios
25234|Tremp
25240_AM|Vallfogona de Balaguer agregacion de municipios
25243|Vielha e Mijaran
25907_AM|Torrefeta i Florejacs agregacion de municipios
26002_AM|Agoncillo agregacion de municipios
26005|Albelda de Iregua
26006|Alberite
26008|Aldeanueva de Ebro
26011|Alfaro
26018|Arnedo
26021_AM|Autol agregacion de municipios
26026_AM|Baños de Río Tobía agregacion de municipios
26036|Calahorra
26042_AM|Casalarreina agregacion de municipios
26047_AM|Cervera del Río Alhama agregacion de municipios
26059_AM|Entrena agregacion de municipios
26061_AM|Ezcaray agregacion de municipios
26071_AM|Haro agregacion de municipios
26099_AM|Murillo de Río Leza agregacion de municipios
26102|Nájera
26105_AM|Navarrete agregacion de municipios
26117_AM|Pradejón agregacion de municipios
26125|Rincón de Soto
26129_AM|San Asensio agregacion de municipios
26138|Santo Domingo de la Calzada
27005|Barreiros
27006|Becerreá
27007_AM|Begonte agregacion de municipios
27010|Castro de Rei
27011|Castroverde
27012_AM|Cervantes agregacion de municipios
27013|Cervo
27014_AM|Corgo, O agregacion de municipios
27015|Cospeito
27016|Chantada
27018_AM|Fonsagrada, A agregacion de municipios
27019|Foz
27020|Friol
27021_AM|Xermade agregacion de municipios
27022|Guitiriz
27023|Guntín
27024_AM|Incio, O agregacion de municipios
27025|Xove
27026|Láncara
27027_AM|Lourenzá agregacion de municipios
27030|Mondoñedo
27031|Monforte de Lemos
27032|Monterroso
27039|Outeiro de Rei
27040_AM|Palas de Rei agregacion de municipios
27041_AM|Pantón agregacion de municipios
27042_AM|Paradela agregacion de municipios
27044_AM|Pastoriza, A agregacion de municipios
27046_AM|Pol agregacion de municipios
27047_AM|Pobra do Brollón, A agregacion de municipios
27048_AM|Pontenova, A agregacion de municipios
27050|Quiroga
27051|Ribadeo
27057|Sarria
27058_AM|Saviñao, O agregacion de municipios
27060|Taboada
27063_AM|Valadouro, O agregacion de municipios
27065|Vilalba
27066|Viveiro
27902|Burela
28008|Aldea del Fresno
28010|Alpedrete
28012_AM|Anchuelo agregacion de municipios
28018|Becerril de la Sierra
28019_AM|Belmonte de Tajo agregacion de municipios
28023|Boalo, El
28027_AM|Buitrago del Lozoya agregacion de municipios
28028|Bustarviejo
28030|Cabrera, La
28031|Cadalso de los Vidrios
28032_AM|Camarma de Esteruelas agregacion de municipios
28033|Campo Real
28036|Casarrubuelos
28037_AM|Cenicientos agregacion de municipios
28038|Cercedilla
28042_AM|Colmenar del Arroyo agregacion de municipios
28043|Colmenar de Oreja
28046|Collado Mediano
28050|Cubas de la Sagra
28052|Chinchón
28054|Escorial, El
28057_AM|Fresno de Torote agregacion de municipios
28060_AM|Fuentidueña de Tajo agregacion de municipios
28067_AM|Guadalix de la Sierra agregacion de municipios
28068|Guadarrama
28072|Hoyo de Manzanares
28075|Loeches
28082|Manzanares el Real
28085|Miraflores de la Sierra
28086|Molar, El
28087|Molinos, Los
28090|Moralzarzal
28091|Morata de Tajuña
28093|Navacerrada
28095|Navalagamella
28099_AM|Navas del Rey agregacion de municipios
28100|Nuevo Baztán
28108|Pedrezuela
28109|Pelayos de la Presa
28110|Perales de Tajuña
28119|Quijorna
28125|Robledo de Chavela
28131|San Lorenzo de El Escorial
28133|San Martín de Valdeiglesias
28137|Santos de la Humosa, Los
28140_AM|Serranillos del Valle agregacion de municipios
28144|Soto del Real
28145|Talamanca de Jarama
28146|Tielmes
28150|Torrejón de Velasco
28151_AM|Torrelaguna agregacion de municipios
28154|Torres de la Alameda
28160|Valdemorillo
28162|Valdeolmos-Alalpardo
28164|Valdetorres de Jarama
28165|Valdilecha
28168_AM|Vellón, El agregacion de municipios
28169_AM|Venturada agregacion de municipios
28170_AM|Villaconejos agregacion de municipios
28171|Villa del Prado
28172|Villalbilla
28174|Villamanta
28178_AM|Villanueva de Perales agregacion de municipios
28179_AM|Villar del Olmo agregacion de municipios
28180|Villarejo de Salvanés
28183_AM|Zarzalejo agregacion de municipios
28901_AM|Lozoyuela-Navas-Sieteiglesias agregacion de municipios
29001|Alameda
29002_AM|Alcaucín agregacion de municipios
29008|Alhaurín el Grande
29009_AM|Almáchar agregacion de municipios
29011|Almogía
29012|Álora
29015_AM|Antequera agregacion de municipios
29017|Archidona
29018_AM|Ardales agregacion de municipios
29020_AM|Arriate agregacion de municipios
29027_AM|Benamocarra agregacion de municipios
29028_AM|Benaoján agregacion de municipios
29031_AM|Burgo, El agregacion de municipios
29032|Campillos
29039|Casabermeja
29040|Casarabonela
29041|Casares
29042|Coín
29043|Colmenar
29045|Cómpeta
29046|Cortes de la Frontera
29049_AM|Cuevas de San Marcos agregacion de municipios
29053|Frigiliana
29055|Fuente de Piedra
29056_AM|Gaucín agregacion de municipios
29059|Humilladero
29068|Manilva
29072|Mollina
29073_AM|Monda agregacion de municipios
29075|Nerja
29076_AM|Ojén agregacion de municipios
29079|Periana
29080|Pizarra
29082_AM|Rincón de la Victoria agregacion de municipios
29083_AM|Riogordo agregacion de municipios
29084|Ronda
29086_AM|Sayalonga agregacion de municipios
29088|Sierra de Yeguas
29089_AM|Teba agregacion de municipios
29090_AM|Tolox agregacion de municipios
29091|Torrox
29095_AM|Villanueva de Algaidas agregacion de municipios
29096|Villanueva del Rosario
29097|Villanueva del Trabuco
29100|Yunquera
29902|Villanueva de la Concepción
30001|Abanilla
30002|Abarán
30003|Águilas
30008|Alhama de Murcia
30011|Blanca
30012|Bullas
30013|Calasparra
30014_AM|Campos del Río agregacion de municipios
30015|Caravaca de la Cruz
30017|Cehegín
30019|Cieza
30020|Fortuna
30021|Fuente Álamo de Murcia
30022|Jumilla
30023|Librilla
30026|Mazarrón
30028|Moratalla
30029|Mula
30032|Pliego
30033|Puerto Lumbreras
30035|San Javier
30036|San Pedro del Pinatar
30037|Torre-Pacheco
30039_AM|Totana agregacion de municipios
30042_AM|Villanueva del Río Segura agregacion de municipios
30043|Yecla
30902|Alcázares, Los
31010_AM|Altsasu/Alsasua agregacion de municipios
31015|Andosilla
31019_AM|Aoiz/Agoitz agregacion de municipios
31029_AM|Arcos, Los agregacion de municipios
31036_AM|Arróniz agregacion de municipios
31038_AM|Artajona agregacion de municipios
31041_AM|Ayegui/Aiegi agregacion de municipios
31042_AM|Azagra agregacion de municipios
31050_AM|Baztan agregacion de municipios
31065|Caparroso
31067_AM|Carcastillo agregacion de municipios
31068_AM|Cascante agregacion de municipios
31070|Castejón
31072_AM|Cintruénigo agregacion de municipios
31076_AM|Cizur agregacion de municipios
31077|Corella
31078_AM|Cortes agregacion de municipios
31084_AM|Etxarri Aranatz agregacion de municipios
31092_AM|Erro agregacion de municipios
31097|Estella-Lizarra
31098|Esteribar
31101_AM|Ezcabarte agregacion de municipios
31104_AM|Falces agregacion de municipios
31108_AM|Fustiñana agregacion de municipios
31138_AM|Lakuntza agregacion de municipios
31142_AM|Larraga agregacion de municipios
31149_AM|Leitza agregacion de municipios
31152_AM|Lerín agregacion de municipios
31153_AM|Lesaka agregacion de municipios
31157_AM|Lodosa agregacion de municipios
31159_AM|Lumbier agregacion de municipios
31163|Marcilla
31165_AM|Mendavia agregacion de municipios
31169|Milagro
31176|Murchante
31191_AM|Olite/Erriberri agregacion de municipios
31202|Peralta/Azkoien
31206_AM|Puente la Reina/Gares agregacion de municipios
31208_AM|Ribaforada agregacion de municipios
31215|San Adrián
31216|Sangüesa/Zangoza
31221_AM|Doneztebe/Santesteban agregacion de municipios
31227|Tafalla
31232|Tudela
31249_AM|Valtierra agregacion de municipios
31250|Bera
31251_AM|Viana agregacion de municipios
31254|Villafranca
31260_AM|Valle de Yerri/Deierri agregacion de municipios
31904_AM|Irurtzun agregacion de municipios
31905_AM|Beriáin agregacion de municipios
31908_AM|Lekunberri agregacion de municipios
32001_AM|Allariz agregacion de municipios
32004_AM|Avión agregacion de municipios
32007_AM|Baños de Molgas agregacion de municipios
32009|Barco de Valdeorras, O
32013_AM|Boborás agregacion de municipios
32017_AM|Carballeda de Valdeorras agregacion de municipios
32019|Carballiño, O
32020_AM|Cartelle agregacion de municipios
32024|Celanova
32025_AM|Cenlle agregacion de municipios
32026_AM|Coles agregacion de municipios
32031_AM|Esgos agregacion de municipios
32032|Xinzo de Limia
32034_AM|Gudiña, A agregacion de municipios
32042_AM|Lobios agregacion de municipios
32043|Maceda
32045|Maside
32050|Monterrei
32051_AM|Muíños agregacion de municipios
32053_AM|Oímbra agregacion de municipios
32056_AM|Padrenda agregacion de municipios
32058_AM|Pereiro de Aguiar, O agregacion de municipios
32063_AM|Pobra de Trives, A agregacion de municipios
32067_AM|Rairiz de Veiga agregacion de municipios
32069|Ribadavia
32072|Rúa, A
32075_AM|San Cibrao das Viñas agregacion de municipios
32076_AM|San Cristovo de Cea agregacion de municipios
32081_AM|Toén agregacion de municipios
32085|Verín
32086|Viana do Bolo
32088_AM|Vilamartín de Valdeorras agregacion de municipios
32091_AM|Vilardevós agregacion de municipios
33001_AM|Allande agregacion de municipios
33002|Aller
33006_AM|Bimenes agregacion de municipios
33007_AM|Boal agregacion de municipios
33008_AM|Cabrales agregacion de municipios
33011|Cangas del Narcea
33012|Cangas de Onís
33015_AM|Caso agregacion de municipios
33017|Castropol
33018|Coaña
33019_AM|Colunga agregacion de municipios
33021|Cudillero
33023|Franco, El
33026_AM|Grado agregacion de municipios
33032|Laviana
33033|Lena
33034|Valdés
33036|Llanes
33040|Nava
33041|Navia
33045|Parres
33049|Piloña
33051_AM|Pravia agregacion de municipios
33056|Ribadesella
33057_AM|Ribera de Arriba agregacion de municipios
33059|Salas
33069_AM|Soto del Barco agregacion de municipios
33070|Tapia de Casariego
33072_AM|Teverga agregacion de municipios
33073|Tineo
33074_AM|Vegadeo agregacion de municipios
33076|Villaviciosa
34004_AM|Aguilar de Campoo agregacion de municipios
34017_AM|Astudillo agregacion de municipios
34022_AM|Baltanás agregacion de municipios
34047_AM|Carrión de los Condes agregacion de municipios
34056_AM|Cervera de Pisuerga agregacion de municipios
34069_AM|Dueñas agregacion de municipios
34079_AM|Grijota agregacion de municipios
34080|Guardo
34083_AM|Herrera de Pisuerga agregacion de municipios
34123_AM|Paredes de Nava agregacion de municipios
34157|Saldaña
34171_AM|Santibáñez de la Peña agregacion de municipios
34218_AM|Villaluenga de la Vega agregacion de municipios
34232_AM|Villarramiel agregacion de municipios
35001|Agaete
35003_AM|Antigua agregacion de municipios
35008|Firgas
35009|Gáldar
35010|Haría
35013|Moya
35014|Oliva, La
35015|Pájara
35017|Puerto del Rosario
35018|San Bartolomé
35020|Aldea de San Nicolás, La
35023|Santa María de Guía de Gran Canaria
35024|Teguise
35025_AM|Tejeda agregacion de municipios
35027|Teror
35028|Tías
35029|Tinajo
35030|Tuineje
35031|Valsequillo de Gran Canaria
35032|Valleseco
35033|Vega de San Mateo
35034|Yaiza
36001|Arbo
36002|Barro
36004|Bueu
36005|Caldas de Reis
36006|Cambados
36009_AM|Cañiza, A agregacion de municipios
36010|Catoira
36013_AM|Covelo agregacion de municipios
36015|Cuntis
36017|Estrada, A
36018_AM|Forcarei agregacion de municipios
36022|Grove, O
36023|Guarda, A
36024|Lalín
36027|Meaño
36028|Meis
36030_AM|Mondariz agregacion de municipios
36032|Moraña
36034|Neves, As
36036|Oia
36037|Pazos de Borbén
36040|Portas
36042|Ponteareas
36043|Ponte Caldelas
36044|Pontecesures
36046|Ribadumia
36047_AM|Rodeiro agregacion de municipios
36048|Rosal, O
36049|Salceda de Caselas
36050|Salvaterra de Miño
36051|Sanxenxo
36052|Silleda
36054|Tomiño
36055|Tui
36056|Valga
36059|Vila de Cruces
36060|Vilagarcía de Arousa
36061|Vilanova de Arousa
36901|Illa de Arousa, A
36902_AM|Cerdedo-Cotobade agregacion de municipios
37008|Alba de Tormes
37010_AM|Alberca, La agregacion de municipios
37014_AM|Aldeadávila de la Ribera agregacion de municipios
37023_AM|Aldeatejada agregacion de municipios
37046_AM|Béjar agregacion de municipios
37067_AM|Cabrerizos agregacion de municipios
37069_AM|Calvarrasa de Abajo agregacion de municipios
37073_AM|Calzada de Valdunciel agregacion de municipios
37092|Castellanos de Moriscos
37103_AM|Cespedosa de Tormes agregacion de municipios
37107|Ciudad Rodrigo
37117_AM|Doñinos de Salamanca agregacion de municipios
37135_AM|Fuente de San Esteban, La agregacion de municipios
37136_AM|Fuenteguinaldo agregacion de municipios
37140_AM|Fuentes de Oñoro agregacion de municipios
37142_AM|Galindo y Perahuy agregacion de municipios
37156|Guijuelo
37170_AM|Ledesma agregacion de municipios
37172_AM|Linares de Riofrío agregacion de municipios
37173_AM|Lumbrales agregacion de municipios
37174_AM|Macotera agregacion de municipios
37202_AM|Monterrubio de Armuña agregacion de municipios
37246|Peñaranda de Bracamonte
37313_AM|Sotoserrano agregacion de municipios
37322|Terradillos
37374_AM|Villoria agregacion de municipios
37376_AM|Vitigudino agregacion de municipios
38004|Arafo
38005|Arico
38008|Breña Alta
38009|Breña Baja
38010|Buenavista del Norte
38011|Candelaria
38012|Fasnia
38013_AM|Frontera agregacion de municipios
38015|Garachico
38018|Guancha, La
38019|Guía de Isora
38020|Güímar
38021_AM|Hermigua agregacion de municipios
38022|Icod de los Vinos
38024|Llanos de Aridane, Los
38025|Matanza de Acentejo, La
38027|Paso, El
38029_AM|Puntagorda agregacion de municipios
38030|Puntallana
38033|San Andrés y Sauces
38034|San Juan de la Rambla
38035_AM|San Miguel de Abona agregacion de municipios
38036_AM|San Sebastián de la Gomera agregacion de municipios
38037|Santa Cruz de la Palma
38039|Santa Úrsula
38040|Santiago del Teide
38041|Sauzal, El
38042|Silos, Los
38044|Tanque, El
38045|Tazacorte
38047|Tijarafe
38048|Valverde
38049|Valle Gran Rey
38050|Vallehermoso
38051|Victoria de Acentejo, La
38053_AM|Villa de Mazo agregacion de municipios
39001_AM|Alfoz de Lloredo agregacion de municipios
39002|Ampuero
39006_AM|Arnuero agregacion de municipios
39009_AM|Bárcena de Cicero agregacion de municipios
39012|Cabezón de la Sal
39018|Cartes
39019_AM|Castañeda agregacion de municipios
39020|Castro-Urdiales
39023|Colindres
39025|Corrales de Buelna, Los
39026_AM|Corvera de Toranzo agregacion de municipios
39027_AM|Campoo de Enmedio agregacion de municipios
39028|Entrambasaguas
39030_AM|Guriezo agregacion de municipios
39035|Laredo
39037_AM|Liérganes agregacion de municipios
39038_AM|Limpias agregacion de municipios
39040|Marina de Cudeyo
39041_AM|Mazcuerras agregacion de municipios
39042|Medio Cudeyo
39043_AM|Meruelo agregacion de municipios
39047|Noja
39055_AM|Potes agregacion de municipios
39056_AM|Puente Viesgo agregacion de municipios
39057_AM|Ramales de la Victoria agregacion de municipios
39059|Reinosa
39060|Reocín
39061|Ribamontán al Mar
39062_AM|Ribamontán al Monte agregacion de municipios
39074|Santa María de Cayón
39076|Santillana del Mar
39078_AM|Santiurde de Toranzo agregacion de municipios
39079|Santoña
39080|San Vicente de la Barquera
39082_AM|Selaya agregacion de municipios
39085|Suances
39091_AM|Valdáliga agregacion de municipios
39094_AM|Valderredible agregacion de municipios
39095|Val de San Vicente
39099|Villaescusa
39102|Voto
40032_AM|Boceguillas agregacion de municipios
40040_AM|Cantalejo agregacion de municipios
40041_AM|Cantimpalos agregacion de municipios
40043|Carbonero el Mayor
40057_AM|Coca agregacion de municipios
40063|Cuéllar
40076|Espinar, El
40094_AM|Garcillán agregacion de municipios
40101_AM|Hontanares de Eresma agregacion de municipios
40112_AM|Lastrilla, La agregacion de municipios
40138_AM|Nava de la Asunción agregacion de municipios
40141_AM|Navalmanzano agregacion de municipios
40145_AM|Navas de Oro agregacion de municipios
40149_AM|Olombrada agregacion de municipios
40170_AM|Riaza agregacion de municipios
40225_AM|Villacastín agregacion de municipios
40906_AM|San Cristóbal de Segovia agregacion de municipios
41003|Albaida del Aljarafe
41005|Alcalá del Río
41006|Alcolea del Río
41011|Arahal
41012|Aznalcázar
41013|Aznalcóllar
41014|Badolatosa
41015|Benacazón
41016|Bollullos de la Mitación
41018|Brenes
41019|Burguillos
41020|Cabezas de San Juan, Las
41022|Campana, La
41023|Cantillana
41024|Carmona
41025_AM|Carrión de los Céspedes agregacion de municipios
41026|Casariche
41027|Castilblanco de los Arroyos
41032_AM|Cazalla de la Sierra agregacion de municipios
41033_AM|Constantina agregacion de municipios
41036|Coronil, El
41037|Corrales, Los
41039|Écija
41041_AM|Estepa agregacion de municipios
41042|Fuentes de Andalucía
41045|Gerena
41046_AM|Gilena agregacion de municipios
41048_AM|Guadalcanal agregacion de municipios
41049|Guillena
41050|Herrera
41051|Huévar del Aljarafe
41052|Lantejuela
41053|Lebrija
41055|Lora del Río
41056|Luisiana, La
41060|Marchena
41061|Marinaleda
41062|Martín de la Jara
41063|Molares, Los
41064|Montellano
41065_AM|Morón de la Frontera agregacion de municipios
41067|Olivares
41068|Osuna
41071|Paradas
41072|Pedrera
41074|Peñaflor
41075|Pilas
41076_AM|Pruna agregacion de municipios
41077|Puebla de Cazalla, La
41078|Puebla de los Infantes, La
41080_AM|Real de la Jara, El agregacion de municipios
41082|Roda de Andalucía, La
41084|Rubio, El
41085|Salteras
41087|Sanlúcar la Mayor
41090|Saucejo, El
41092|Tocina
41094|Umbrete
41097|Villamanrique de la Condesa
41098|Villanueva del Ariscal
41099|Villanueva del Río y Minas
41101|Villaverde del Río
41901|Cañada Rosal
41902|Isla Mayor
41903|Cuervo de Sevilla, El
42004_AM|Ágreda agregacion de municipios
42020|Almazán
42025_AM|Arcos de Jalón agregacion de municipios
42035_AM|Berlanga de Duero agregacion de municipios
42043_AM|Burgo de Osma-Ciudad de Osma agregacion de municipios
42069_AM|Covaleda agregacion de municipios
42094_AM|Garray agregacion de municipios
42095|Golmayo
42129_AM|Navaleno agregacion de municipios
42134|Ólvega
42162|San Esteban de Gormaz
42164_AM|San Leonardo de Yagüe agregacion de municipios
43002|Albinyana
43004|Alcanar
43005|Alcover
43007_AM|Aleixar, L' agregacion de municipios
43009_AM|Alforja agregacion de municipios
43013|Ametlla de Mar, L'
43014|Amposta
43016|Arboç, L'
43019_AM|Ascó agregacion de municipios
43020_AM|Banyeres del Penedès agregacion de municipios
43026_AM|Benissanet agregacion de municipios
43028|Bisbal del Penedès, La
43037|Calafell
43038_AM|Cambrils agregacion de municipios
43042_AM|Castellvell del Camp agregacion de municipios
43043_AM|Catllar, El agregacion de municipios
43044|Sénia, La
43050|Creixell
43051|Cunit
43052_AM|Xerta agregacion de municipios
43054_AM|Espluga de Francolí, L' agregacion de municipios
43055_AM|Falset agregacion de municipios
43060_AM|Flix agregacion de municipios
43064_AM|Gandesa agregacion de municipios
43078_AM|Masdenverge agregacion de municipios
43086|Montblanc
43088_AM|Montbrió del Camp agregacion de municipios
43090_AM|Montmell, El agregacion de municipios
43092|Mont-roig del Camp
43093|Móra d'Ebre
43094_AM|Móra la Nova agregacion de municipios
43095_AM|Morell, El agregacion de municipios
43104|Perelló, El
43108_AM|Pla de Santa Maria, El agregacion de municipios
43111|Pobla de Montornès, La
43126_AM|Riera de Gaià, La agregacion de municipios
43128_AM|Riudecols agregacion de municipios
43131|Roda de BerÍ
43133|Roquetes
43136|Sant Carles de la Ràpita
43137_AM|Sant Jaume dels Domenys agregacion de municipios
43138|Santa Bàrbara
43139|Santa Coloma de Queralt
43140|Santa Oliva
43142_AM|Sarral agregacion de municipios
43155|Tortosa
43156|Ulldecona
43161|Valls
43162|Vandellòs i l'Hospitalet de l'Infant
43163|Vendrell, El
43166_AM|Vilallonga del Camp agregacion de municipios
43901|Deltebre
43902|Sant Jaume d'Enveja
43903|Camarles
43904|Aldea, L'
43906|Ampolla, L'
44008_AM|Albalate del Arzobispo agregacion de municipios
44009_AM|Albarracín agregacion de municipios
44013|Alcañiz
44014_AM|Alcorisa agregacion de municipios
44025|Andorra
44050_AM|Calamocha agregacion de municipios
44051_AM|Calanda agregacion de municipios
44056_AM|Caminreal agregacion de municipios
44059_AM|Cantavieja agregacion de municipios
44068_AM|Castelserás agregacion de municipios
44076|Cella
44153|Monreal del Campo
44155_AM|Montalbán agregacion de municipios
44158_AM|Mora de Rubielos agregacion de municipios
44209_AM|Santa Eulalia agregacion de municipios
44210_AM|Sarrión agregacion de municipios
44238_AM|Utrillas agregacion de municipios
44246_AM|Valderrobres agregacion de municipios
45002|Alameda de la Sagra
45012_AM|Almonacid de Toledo agregacion de municipios
45013_AM|Almorox agregacion de municipios
45014|Añover de Tajo
45020_AM|Belvís de la Jara agregacion de municipios
45021|Borox
45023_AM|Burguillos de Toledo agregacion de municipios
45031|Camarena
45034_AM|Camuñas agregacion de municipios
45037_AM|Carpio de Tajo, El agregacion de municipios
45038|Carranque
45040_AM|Casar de Escalona, El agregacion de municipios
45041|Casarrubios del Monte
45045_AM|Cazalegas agregacion de municipios
45046_AM|Cebolla agregacion de municipios
45047_AM|Cedillo del Condado agregacion de municipios
45051_AM|Cobeja agregacion de municipios
45052_AM|Cobisa agregacion de municipios
45053|Consuegra
45054|Corral de Almaguer
45056|Chozas de Canales
45059_AM|Dosbarrios agregacion de municipios
45061|Escalona
45064|Esquivias
45066|Fuensalida
45067_AM|Gálvez agregacion de municipios
45069_AM|Gerindote agregacion de municipios
45078_AM|Huerta de Valdecarábanos agregacion de municipios
45081|Illescas
45082_AM|Lagartera agregacion de municipios
45084|Lillo
45085_AM|Lominchar agregacion de municipios
45087|Madridejos
45088|Magán
45098|Menasalbas
45099|Méntrida
45101_AM|Miguel Esteban agregacion de municipios
45102|Mocejón
45106|Mora
45109_AM|Navahermosa agregacion de municipios
45110_AM|Navalcán agregacion de municipios
45112_AM|Navalmorales, Los agregacion de municipios
45115|Noblejas
45118_AM|Novés agregacion de municipios
45119|Numancia de la Sagra
45121_AM|Ocaña agregacion de municipios
45123|Ontígola
45124|Orgaz
45125|Oropesa
45128|Pantoja
45132_AM|Pepino agregacion de municipios
45133|Polán
45135|Puebla de Almoradiel, La
45136|Puebla de Montalbán, La
45137_AM|Pueblanueva, La agregacion de municipios
45140_AM|Pulgar agregacion de municipios
45142|Quintanar de la Orden
45145|Recas
45153_AM|San Pablo de los Montes agregacion de municipios
45156|Santa Cruz de la Zarza
45157|Santa Cruz del Retamar
45158_AM|Santa Olalla agregacion de municipios
45161|Seseña
45163|Sonseca
45166_AM|Tembleque agregacion de municipios
45171_AM|Torre de Esteban Hambrán, La agregacion de municipios
45173|Torrijos
45176|Ugena
45180|Valmojado
45183|Ventas de Retamosa, Las
45185|Villacañas
45186|Villa de Don Fadrique, La
45187|Villafranca de los Caballeros
45188_AM|Villaluenga de la Sagra agregacion de municipios
45189_AM|Villamiel de Toledo agregacion de municipios
45192_AM|Villanueva de Alcardete agregacion de municipios
45195|Villarrubia de Santiago
45197|Villasequilla
45198|Villatobas
45199|Viso de San Juan, El
45200_AM|Yébenes, Los agregacion de municipios
45201|Yeles
45202|Yepes
45203|Yuncler
45205|Yuncos
46001_AM|Ademuz agregacion de municipios
46004_AM|Agullent agregacion de municipios
46006|Albaida
46008|Albalat de la Ribera
46011_AM|Alberic agregacion de municipios
46016_AM|Alcàntera de Xúquer agregacion de municipios
46017|Alzira
46019|Alcúdia, l'
46020|Alcúdia de Crespins, l'
46029|Algemesí
46031|Alginet
46035|Almussafes
46037_AM|Alqueria de la Comtessa, l' agregacion de municipios
46039|Anna
46042|Aielo de Malferit
46044|Ayora
46045_AM|Barxeta agregacion de municipios
46051|Benaguasil
46055_AM|Beniarjó agregacion de municipios
46058_AM|Benifairó de les Valls agregacion de municipios
46060|Benifaió
46062|Benigànim
46063_AM|Benimodo agregacion de municipios
46067_AM|Benissanó agregacion de municipios
46070|Bétera
46072|Bocairent
46073_AM|Bolbaite agregacion de municipios
46077|Buñol
46080_AM|Camporrobles agregacion de municipios
46081|Canals
46083|Carcaixent
46084_AM|Càrcer agregacion de municipios
46085|Carlet
46089_AM|Casinos agregacion de municipios
46093|Catadau
46097_AM|Cofrentes agregacion de municipios
46098|Corbera
46105|Cullera
46106_AM|Chelva agregacion de municipios
46109|Cheste
46111|Chiva
46116|Eliana, l'
46118_AM|Enguera agregacion de municipios
46120_AM|Estivella agregacion de municipios
46122|Faura
46123|Favara
46127_AM|Font d'En Carròs, la agregacion de municipios
46128_AM|Font de la Figuera, la agregacion de municipios
46132|Genovés, el
46134|Gilet
46136|Godelleta
46139|Guadassuar
46143_AM|Xeraco agregacion de municipios
46145|Xàtiva
46147|Llíria
46150_AM|Llutxent agregacion de municipios
46155_AM|Llaurí agregacion de municipios
46156|Llombai
46157|Llosa de Ranes, la
46160_AM|Manuel agregacion de municipios
46168_AM|Miramar agregacion de municipios
46170|Mogente/Moixent
46172|Montserrat
46173_AM|Montaverner agregacion de municipios
46176|Montroi/Montroy
46178|Nàquera/Náquera
46179|Navarrés
46182_AM|Olocau agregacion de municipios
46183|Olleria, l'
46184|Ontinyent
46191|Pedralba
46197_AM|Polinyà de Xúquer agregacion de municipios
46200_AM|Pobla del Duc, la agregacion de municipios
46202|Pobla de Vallbona, la
46203_AM|Pobla Llarga, la agregacion de municipios
46212_AM|Real agregacion de municipios
46213|Requena
46214_AM|Riba-roja de Túria agregacion de municipios
46217_AM|Rotglà i Corberàagregacion de municipios
46218_AM|Ròtova agregacion de municipios
46228|Serra
46229_AM|Siete Aguas agregacion de municipios
46231_AM|Simat de la Valldigna agregacion de municipios
46233|Sollana
46235|Sueca
46238|Tavernes de la Valldigna
46248|Turís
46249|Utiel
46251_AM|Vallada agregacion de municipios
46255_AM|Vilallonga/Villalonga agregacion de municipios
46256|Vilamarxant
46257|Castelló
46258|Villar del Arzobispo
46261_AM|Yátova agregacion de municipios
47004_AM|Alaejos agregacion de municipios
47007_AM|Aldeamayor de San Martín agregacion de municipios
47023_AM|Boecillo agregacion de municipios
47030_AM|Campaspero agregacion de municipios
47066_AM|Fuensaldaña agregacion de municipios
47071_AM|Geria agregacion de municipios
47075|Íscar
47085|Medina del Campo
47086_AM|Medina de Rioseco agregacion de municipios
47090|Mojados
47101_AM|Nava del Rey agregacion de municipios
47104_AM|Olmedo agregacion de municipios
47112_AM|Pedrajas de San Esteban agregacion de municipios
47114|Peñafiel
47129_AM|Quintanilla de Onésimo agregacion de municipios
47139_AM|Rueda agregacion de municipios
47165|Tordesillas
47173_AM|Traspinedo agregacion de municipios
47182_AM|Valdestillas agregacion de municipios
47197_AM|Villabrágima agregacion de municipios
47214_AM|Villalón de Campos agregacion de municipios
48001_AM|Abadiño agregacion de municipios
48003|Amorebieta-Etxano
48012_AM|Bakio agregacion de municipios
48017|Bermeo
48018_AM|Berriatua agregacion de municipios
48019_AM|Berriz agregacion de municipios
48022_AM|Karrantza Harana/Valle de Carranza agregacion de municipios
48026_AM|Dima agregacion de municipios
48027|Durango
48032|Elorrio
48034|Ermua
48038_AM|Gamiz-Fika agregacion de municipios
48040_AM|Gatika agregacion de municipios
48045|Güeñes
48046|Gernika-Lumo
48055_AM|Lemoa agregacion de municipios
48057|Lekeitio
48060_AM|Markina-Xemein agregacion de municipios
48065_AM|Ugao-Miraballes agregacion de municipios
48068_AM|Mundaka agregacion de municipios
48069|Mungia
48071_AM|Muskiz agregacion de municipios
48073|Ondarroa
48074|Urduña/Orduña
48075|Orozko
48077_AM|Plentzia agregacion de municipios
48081_AM|Lezama agregacion de municipios
48086_AM|Sopuerta agregacion de municipios
48090|Balmaseda
48094|Igorre
48095_AM|Zaldibar agregacion de municipios
48096|Zalla
48906_AM|Forua agregacion de municipios
48910_AM|Iurreta agregacion de municipios
48912_AM|Alonsotegi agregacion de municipios
49003_AM|Alcañices agregacion de municipios
49021|Benavente
49054_AM|Corrales del Vino agregacion de municipios
49065_AM|Fermoselle agregacion de municipios
49081_AM|Fuentesaúco agregacion de municipios
49122_AM|Monfarracinos agregacion de municipios
49151_AM|Perdigón, El agregacion de municipios
49166_AM|Puebla de Sanabria agregacion de municipios
49178_AM|Roales agregacion de municipios
49187_AM|San Cristóbal de Entreviñas agregacion de municipios
49193_AM|San Pedro de Ceque agregacion de municipios
49200_AM|Santa Cristina de la Polvorosa agregacion de municipios
49206_AM|Santibáñez de Vidriales agregacion de municipios
49214_AM|Tábara agregacion de municipios
49219_AM|Toro agregacion de municipios
49250_AM|Villalpando agregacion de municipios
49261_AM|Villaralbo agregacion de municipios
50008_AM|Alagón agregacion de municipios
50017_AM|Alfajarín agregacion de municipios
50018_AM|Alfamén agregacion de municipios
50025|Almunia de Doña Godina, La
50034_AM|Ariza agregacion de municipios
50038_AM|Ateca agregacion de municipios
50055_AM|Borja agregacion de municipios
50057_AM|Brea de Aragón agregacion de municipios
50062_AM|Burgo de Ebro, El agregacion de municipios
50067|Calatayud
50068_AM|Calatorao agregacion de municipios
50073_AM|Cariñena agregacion de municipios
50074|Caspe
50094_AM|Daroca agregacion de municipios
50095_AM|Ejea de los Caballeros agregacion de municipios
50099|Épila
50118|Gallur
50126|Illueca
50130_AM|Jarque de Moncayo agregacion de municipios
50150_AM|Lumpiaque agregacion de municipios
50153_AM|Magallón agregacion de municipios
50159_AM|Maluenda agregacion de municipios
50160|Mallén
50163_AM|María de Huerva agregacion de municipios
50165_AM|Mequinenza agregacion de municipios
50181_AM|Muel agregacion de municipios
50182|Muela, La
50204_AM|Pedrola agregacion de municipios
50208_AM|Pina de Ebro agregacion de municipios
50209_AM|Pinseque agregacion de municipios
50222_AM|Quinto agregacion de municipios
50223_AM|Remolinos agregacion de municipios
50225_AM|Ricla agregacion de municipios
50230_AM|Sádaba agregacion de municipios
50235_AM|San Mateo de Gállego agregacion de municipios
50240_AM|Sástago agregacion de municipios
50251_AM|Tarazona agregacion de municipios
50252|Tauste
GAU A Coruña|A Coruña
GAU Albacete|Albacete
GAU Alcoy/Alcoi|Alcoy/Alcoi
GAU Alicante - Elche|Alicante - Elche
GAU Almería|Almería
GAU Aranjuez|Aranjuez
GAU Arrecife|Arrecife
GAU Badajoz|Badajoz
GAU Barcelona|Barcelona
GAU Bilbao|Bilbao
GAU Blanes - Lloret de Mar|Blanes - Lloret de Mar
GAU Burgos|Burgos
GAU Cartagena|Cartagena
GAU Castellón de la Plana|Castellón de la Plana
GAU Central de Asturias|Central de Asturias
GAU Ceuta|Ceuta
GAU Ciudad Real|Ciudad Real
GAU Cuenca|Cuenca
GAU Cáceres|Cáceres
GAU Córdoba|Córdoba
GAU Denia - Jávea|Denia - Jávea
GAU Donostia/San Sebastián|Donostia/San Sebastián
GAU Eivissa|Eivissa
GAU El Ejido|El Ejido
GAU Elda - Petrer|Elda - Petrer
GAU Ferrol|Ferrol
GAU Gandía|Gandía
GAU Girona|Girona
GAU Gran Canaria Sur|Gran Canaria Sur
GAU Granada|Granada
GAU Guadalajara|Guadalajara
GAU Huelva|Huelva
GAU Huesca|Huesca
GAU Jaén|Jaén
GAU La Bahía de Algeciras|La Bahía de Algeciras
GAU La Bahía de Cádiz|La Bahía de Cádiz
GAU La Costa Blanca|La Costa Blanca
GAU La Costa del Sol|La Costa del Sol
GAU Las Palmas de Gran Canaria|Las Palmas de Gran Canaria
GAU León|León
GAU Linares|Linares
GAU Lleida|Lleida
GAU Logroño|Logroño
GAU Lorca|Lorca
GAU Lugo|Lugo
GAU Madrid|Madrid
GAU Manresa|Manresa
GAU Melilla|Melilla
GAU Motril|Motril
GAU Murcia|Murcia
GAU Málaga|Málaga
GAU Mérida|Mérida
GAU Orihuela|Orihuela
GAU Ourense|Ourense
GAU Palencia|Palencia
GAU Palma de Mallorca|Palma de Mallorca
GAU Pamplona|Pamplona
GAU Ponferrada|Ponferrada
GAU Puertollano|Puertollano
GAU Roquetas de Mar|Roquetas de Mar
GAU Sagunto/Sagunt|Sagunto/Sagunt
GAU Salamanca|Salamanca
GAU Sanlúcar de Barrameda|Sanlúcar de Barrameda
GAU Sant Feliú de Guixols|Sant Feliú de Guixols
GAU Santa Cruz de Tenerife - La Laguna|Santa Cruz de Tenerife - La Laguna
GAU Santander - Torrelavega|Santander - Torrelavega
GAU Santiago de Compostela|Santiago de Compostela
GAU Segovia|Segovia
GAU Sevilla|Sevilla
GAU Soria|Soria
GAU Talavera de la Reina|Talavera de la Reina
GAU Tarragona - Reus|Tarragona - Reus
GAU Tenerife Sur|Tenerife Sur
GAU Teruel|Teruel
GAU Toledo|Toledo
GAU Torrevieja|Torrevieja
GAU Utrera|Utrera
GAU Valencia|Valencia
GAU Valladolid|Valladolid
GAU Valle de la Orotava|Valle de la Orotava
GAU Vigo - Pontevedra|Vigo - Pontevedra
GAU Vitoria/Gasteiz|Vitoria/Gasteiz
GAU Vélez-Málaga|Vélez-Málaga
GAU Zamora|Zamora
GAU Zaragoza|Zaragoza
GAU Ávila|Ávila
34172653056|Mancomunidad de Nalda, Sorzano y Viguera
34153153078|Bardenas Reales
34022253049|Comunero de Ansó y Hecho
34024453076|Comunidad de la Pardina del Mercadal
34024453077|El Franco
34063953072|Comunidad de Campoo y Cabuérniga
34070953004|Comunidad de Arauzo de Miel y Huerta del Rey
34070953005|Comunidad de Los Ausines y Revilla del Campo
34070953006|Comunidad de Barbadillo de Herreros y Vallejimeno (E.L.M.)
34070953007|Comunidad de 09076, 09290, 09578, 09606 y 09822
34070953008|Comunidad de 09076, 09290, 09578 y 09822
34070953009|Cabeza Alta
34070953010|Comunidad de 09076, 09150 y 09578
34070953011|Comunidad de 09076, 09498 y 09578
34070953012|Comunidad de 09076, 09578, 09606 y 09822
34070953013|Comunidad de Barbadillo del Pez y Jaramillo de la Fuente
34070953014|Comunidad de Barbadillo del Pez y Riocavado de la Sierra
34070953015|Comunidad de Bascuñana y Viloria de Rioja
34070953016|Monte Revenga
34070953018|Comunidad de Canicosa de la Sierra y Casarejos
34070953020|Comunidad de Fuente Carazo
34070953021|Ledanía de 09162, 09290, 09412 y 09606
34070953022|Dehesa de San Felices
34070953023|Comunidad de Cilleruelo de Arriba y Pineda Trasmonte
34070953024|Comunidad de Covarrubias, Quintanilla del Coco y Retuerta
34070953026|Comunidad de Gete y Hacinas
34070953027|Ledanía de Hacinas y Salas de los Infantes
34070953028|Ledanía de Hacinas, Salas de los Infantes y Villanueva de Carazo
34070953029|Comunidad de 09314, 09374, 09356 y 09126
34070953031|Valle de las Venadas
34070953032|Comunidad de Palacios de la Sierra, Vilviestre del Pinar y San Leonardo de Yagüe
34070953033|Comunidad de Quintanaortuño y Merindad de Río Ubierna
34070953034|Comunidad de Quintanar de la Sierra y Vilviestre del Pinar
34070953035|Comunidad de Revilla del Campo y Torrelara
34070953036|Ledanía de Castrillo de la Reina, Hacinas y Salas de los Infantes
34070953039|Comunidad de Tardajos y Las Quintanillas
34070953040|Comunidad de Tardajos y Rabé de las Calzadas
34070953041|Comunidad de Tinieblas de la Sierra y San Millán de Lara
34070953042|Comunidad de Vilviestre del Pinar y Palacios de la Sierra
34070953043|Comunidad de Villoruebo y Torrelara
34070953044|Comunidad de Vizcaínos y Jaramillo de la Fuente
34070953045|Comunidad de Quintanilla del Agua y Tordueles y Puentedura
34070953046|Comunidad de Merindad de Río Ubierna, Quintanilla Vivar y Sotragero
34070953073|Monte de la Mata
34072453051|Comunidad de Castrotierra de la Valduerna
34072453052|Foncabada
34074053074|Comunidad de Sepúlveda y Riaza
34074253075|San Bartolomé
34081953047|Aldovera
